Workbook

Sheet ticket
A1: ticket_id | B1: created_at | C1: closed_at | D1: outlet_id | E1: cms_id | F1: Same_day | G1: Same_hour | I1: outlet_id | J1: same_day_count | K1: same_hour_count
A2: isu-sjd-457 | B2: 44427.698 | C2: 44430.523 | D2: wrqy-juv-978 | E2: vew-iuvd-12 | F2: =INT(B2)=INT(C2) -> FALSE | G2: =AND(INT(B2)=INT(C2), HOUR(B2)=HOUR(C2)) -> FALSE | I2: wrqy-juv-978 | J2: =COUNTIFS($D:$D, I2, $F:$F, TRUE) -> 0 | K2: =COUNTIFS($D:$D, I2, $G:$G, TRUE) -> 0
A3: qer-fal-092 | B3: 44429.465 | C3: 44429.718 | D3: 8woh-k3u-23b | E3: cms-abc-001 | F3: =INT(B3)=INT(C3) -> TRUE | G3: =AND(INT(B3)=INT(C3), HOUR(B3)=HOUR(C3)) -> FALSE | I3: 8woh-k3u-23b | J3: =COUNTIFS($D:$D, I3, $F:$F, TRUE) -> 3 | K3: =COUNTIFS($D:$D, I3, $G:$G, TRUE) -> 1
A4: tkt-100-001 | B4: 44429.386 | C4: 44429.406 | D4: wrqy-juv-978 | E4: cms-abc-002 | F4: =INT(B4)=INT(C4) -> TRUE | G4: =AND(INT(B4)=INT(C4), HOUR(B4)=HOUR(C4)) -> TRUE | I4: wrqy-juv-978 | J4: =COUNTIFS($D:$D, I4, $F:$F, TRUE) -> 3 | K4: =COUNTIFS($D:$D, I4, $G:$G, TRUE) -> 3
A5: tkt-100-002 | B5: 44430.431 | C5: 44430.455 | D5: wrqy-juv-978 | E5: cms-abc-003 | F5: =INT(B5)=INT(C5) -> TRUE | G5: =AND(INT(B5)=INT(C5), HOUR(B5)=HOUR(C5)) -> TRUE | I5: wrqy-juv-978 | J5: =COUNTIFS($D:$D, I5, $F:$F, TRUE) -> 3 | K5: =COUNTIFS($D:$D, I5, $G:$G, TRUE) -> 3
A6: tkt-100-003 | B6: 44430.587 | C6: 44431.458 | D6: 8woh-k3u-23b | E6: cms-abc-004 | F6: =INT(B6)=INT(C6) -> FALSE | G6: =AND(INT(B6)=INT(C6), HOUR(B6)=HOUR(C6)) -> FALSE | I6: 8woh-k3u-23b | J6: =COUNTIFS($D:$D, I6, $F:$F, TRUE) -> 3 | K6: =COUNTIFS($D:$D, I6, $G:$G, TRUE) -> 1
A7: tkt-100-004 | B7: 44431.562 | C7: 44431.576 | D7: 8woh-k3u-23b | E7: cms-abc-005 | F7: =INT(B7)=INT(C7) -> TRUE | G7: =AND(INT(B7)=INT(C7), HOUR(B7)=HOUR(C7)) -> TRUE | I7: 8woh-k3u-23b | J7: =COUNTIFS($D:$D, I7, $F:$F, TRUE) -> 3 | K7: =COUNTIFS($D:$D, I7, $G:$G, TRUE) -> 1
A8: tkt-100-005 | B8: 44432.34 | C8: 44432.372 | D8: wrqy-juv-978 | E8: cms-abc-006 | F8: =INT(B8)=INT(C8) -> TRUE | G8: =AND(INT(B8)=INT(C8), HOUR(B8)=HOUR(C8)) -> TRUE | I8: wrqy-juv-978 | J8: =COUNTIFS($D:$D, I8, $F:$F, TRUE) -> 3 | K8: =COUNTIFS($D:$D, I8, $G:$G, TRUE) -> 3
A9: tkt-100-006 | B9: 44432.639 | C9: 44432.67 | D9: 8woh-k3u-23b | E9: cms-abc-007 | F9: =INT(B9)=INT(C9) -> TRUE | G9: =AND(INT(B9)=INT(C9), HOUR(B9)=HOUR(C9)) -> FALSE | I9: 8woh-k3u-23b | J9: =COUNTIFS($D:$D, I9, $F:$F, TRUE) -> 3 | K9: =COUNTIFS($D:$D, I9, $G:$G, TRUE) -> 1

Sheet feedbacks
A1: cms_id | B1: feedback_at | C1: feedback_rating | D1: ticket_created_at
A2: vew-iuvd-12 | B2: 44429.56 | C2: 3 | D2: =INDEX(ticket!$B$2:$B$9, MATCH(A2, ticket!$E$2:$E$9, 0)) -> 44427.698
A3: cms-abc-001 | B3: 44429.75 | C3: 4 | D3: =INDEX(ticket!$B$2:$B$9, MATCH(A3, ticket!$E$2:$E$9, 0)) -> 44429.465
A4: cms-abc-002 | B4: 44429.417 | C4: 5 | D4: =INDEX(ticket!$B$2:$B$9, MATCH(A4, ticket!$E$2:$E$9, 0)) -> 44429.386
A5: cms-abc-003 | B5: 44430.462 | C5: 2 | D5: =INDEX(ticket!$B$2:$B$9, MATCH(A5, ticket!$E$2:$E$9, 0)) -> 44430.431
A6: cms-abc-004 | B6: 44431.635 | C6: 5 | D6: =INDEX(ticket!$B$2:$B$9, MATCH(A6, ticket!$E$2:$E$9, 0)) -> 44430.587
A7: cms-abc-005 | B7: 44431.764 | C7: 4 | D7: =INDEX(ticket!$B$2:$B$9, MATCH(A7, ticket!$E$2:$E$9, 0)) -> 44431.562
A8: cms-abc-006 | B8: 44432.375 | C8: 3 | D8: =INDEX(ticket!$B$2:$B$9, MATCH(A8, ticket!$E$2:$E$9, 0)) -> 44432.34
A9: cms-abc-007 | B9: 44432.729 | C9: 5 | D9: =INDEX(ticket!$B$2:$B$9, MATCH(A9, ticket!$E$2:$E$9, 0)) -> 44432.639
